<?xml version="1.0" encoding="utf-8"?>
<backend>
    <info>
        <type>module</type>
        <id>mod_uc_random</id>
    </info>
    <params>

        <param type="list_db" name="cat_id" src="cms_uc_cats" src_title="title" src_value="id" tree="1" src_where="NSLevel>0">
            <option value="0" />
        </param>
        <param type="flag" name="subs" default="off" />
        <param type="number" name="count" default="5" />
        <param type="flag" name="showtitle" default="on" />
        <param type="flag" name="showcat" default="on" />

    </params>
</backend>
